class,counts
clean,411433
xtrat,35969
zbot,24075
ramnit,20595
sality,18572
installmonster,16691
zusy,14120
emotet,12943
vtflooder,12150
fareit,10955
adposhel,8951
high,8417
ursnif,8188
sivis,7180
startsurf,6358
wapomi,5191
lethic,4879
wannacry,4876
downloadguide,4733
flystudio,4527
upatre,4200
dealply,3976
bladabindi,3930
razy,3391
filetour,3238
virlock,3132
prepscram,3130
gandcrab,2992
vittalia,2965
gamarue,2789
kovter,2414
nanocore,2400
chapak,2254
installcore,1961
sdbot,1931
autoit,1895
cerber,1792
qbot,1758
tiggre,1728
delf,1727
qhost,1722
dotdo,1678
gamehack,1656
gepys,1587
virut,1578
tinba,1531
azorult,1513
vobfus,1484
triusor,1429
agen,1335
zpevdo,1303
unruy,1267
istartsurf,1214
ribaj,1199
linkury,1194
wabot,1185
ulise,1176
ursu,1168
moderate,1146
icloader,1145
swisyn,1036
spigot,1008
scar,984
dinwod,973
noon,926
shipup,896
lamer,894
darkkomet,801
nymaim,756
yakes,751
speedingupmypc,740
mira,729
soft32downloader,715
nitol,694
urelas,666
downloadhelper,645
appster,637
ainslot,635
simbot,634
hematite,616
qqpass,612
vbclone,601
msilperseus,596
byfh,593
occamy,589
slimware,566
khalesi,555
vbkryjetor,551
zamg,527
detnat,523
softcnapp,520
wizzmonetize,515
kuaizip,483
gandcrypt,474
trickbot,466
agentb,449
memery,445
neshta,443
zegost,441
skeeyah,440
fsysna,427
ausiv,422
ekstak,421
winactivator,409
cosmicduke,408
berbew,407
presenoker,406
loadmoney,398
maener,387
lolbot,374
ponystealer,374
farfli,360
coins,359
wdfload,358
genkryptik,353
ganelp,348
ircbot,348
midie,341
allaple,341
zdengo,333
sfone,332
mintluks,330
black,329
driverpack,326
snojan,324
mikey,314
nanobot,306
expiro,305
shiz,302
dfay,300
regsup,296
winwrapper,296
kasidet,294
dlhelper,290
banload,288
ludbaruma,283
yunsip,280
sytro,273
eorezo,271
hosts,267
tofsee,264
poison,261
xmrig,248
daws,246
gamemodding,244
onlinegames,243
browserio,243
amonetize,242
disfa,238
blackmoon,228
mywebsearch,223
reconyc,222
johnnie,221
kolab,219
cosmu,218
playtech,216
jeefo,213
pluto,209
relevantknowledge,209
drolnux,205
extenbro,204
laqma,204
tinyloader,203
pioneer,203
barys,200
remcos,198
dapato,197
temonde,197
phpw,195
kuzitui,194
spyeye,192
qjwmonkey,190
processhijack,187
viking,175
cheatengine,175
mailru,174
neoreklami,170
safebytes,169
pykspa,169
stantinko,168
hworld,166
rodecap,165
atraps,164
parite,163
wizrem,162
swrort,161
socelars,159
vittaliaent,158
benjamin,153
downloadsponsor,151
beebone,151
firseria,149
quasar,148
ipamor,147
gofot,147
hupigon,146
indiloadz,146
bypassuac,145
game,144
bsymem,144
kolabc,143
socks,143
killproc,141
cassiopeia,137
noobyprotect,136
salgorea,135
nakoctb,134
auslogics,133
scarsi,133
wajam,131
archsms,127
spygate,127
petya,121
softpulse,121
goznym,120
rebhip,120
confuser,120
autohk,120
hafen,120
csdimonetize,118
icedid,118
tweakbit,117
wakme,116
phorpiex,115
ardamax,114
gozi,113
bitmin,112
unwaders,111
umbra,111
wews,111
opencandy,110
dynamer,110
ngrbot,110
fuerboos,110
apost,109
rbot,109
guildma,109
hpdefender,109
explorerhijack,106
palevo,106
netsky,105
llac,104
fusioncore,104
tempedreve,104
addrop,103
nisloder,103
nemesis,103
nymeria,102
wronginf,99
chir,99
sysn,99
powp,99
adaebook,98
mansabo,98
dllinject,97
convertad,96
remoteadmin,95
skypespam,95
hesv,93
trickster,93
cutwail,92
hijacker,92
bancteian,91
opensupdater,91
dofoil,90
yobrowser,90
cambot,89
mydoom,88
rubinurd,87
binder,87
vmprotbad,87
dorkbot,86
chindo,85
cerbu,84
youxun,84
eyestye,84
taranis,83
delphi,82
elemental,82
picsys,82
sugar,80
meterpreter,78
buterat,77
bitrep,76
shodi,76
rozena,75
dovs,75
bayrob,74
vilsel,74
uniblue,74
bloored,74
browsefox,73
shade,72
netwiredrc,72
wecod,71
skorik,70
snarasite,70
vundo,70
appset,69
jacard,69
buzus,69
mepaow,68
neurevt,68
propagate,67
pynamer,67
cloudscout,67
genericrxdt,67
omaneat,66
orcus,66
mogoogwi,66
waldek,65
cuegoe,64
vindor,63
domaiq,63
genericrxgp,63
magania,63
stormattack,62
downloadadmin,61
carberp,61
neutrinopos,60
4shared,60
bifrose,59
dridex,59
hploki,58
asparnet,58
obsidium,57
jimmy,57
scarab,57
brontok,57
shelma,57
stubrc,56
noancooe,56
nsismod,55
swizzor,55
lokibot,55
boilod,55
bancos,55
netwire,55
ulpm,55
warezov,55
gator,54
steam,54
murofet,53
kuaiba,53
banbra,53
multiplug,53
scrop,53
coinstealer,52
aliser,52
tpyn,52
crytex,52
dothetuk,51
tenga,50
enigmaprotector,50
shyape,50
revetrat,50
vawtrak,50
bunitu,49
shakblades,48
hoax,48
bestafera,48
kelihos,47
lmir,47
siscos,47
hotbar,47
shiotob,47
zepfod,46
ruskill,46
mudrop,45
vigorf,45
regrun,45
gjue,45
filerepmalware,45
winsecsrv,45
xiclog,44
tuscas,44
cardspy,44
mekotio,44
jaiko,44
agenttesla,43
alman,43
packedent,43
installerex,43
diztakun,42
ceeinject,42
mucc,42
mimikatz,41
psdownload,41
techsnab,41
fujacks,41
revenge,41
rungbu,40
evital,40
zippyloader,40
tescrypt,39
redcap,39
jaik,39
packy,39
crossrider,39
wowlik,39
detrahere,38
chisburg,38
centrumdownloader,38
badur,38
tweakbitdu,38
spesr,38
facido,38
ldpinch,38
cometer,37
mabezat,36
bublik,36
multipacked,36
shadowbrokers,36
tasker,36
bang5mai,36
pincav,35
clipbanker,35
tdss,35
dostre,35
softonic,35
turla,35
oxypumper,35
subti,35
formbook,35
mokes,35
gify,35
webalta,34
outbrowse,34
houndhack,34
gorillaprice,34
cloudwrapper,33
pupstudio,33
protux,33
pakes,33
skintrim,33
czyk,32
zapchast,32
yuner,32
danabot,32
jawego,32
glupteba,32
funshion,32
tordev,32
vabushky,32
slugin,31
rasftuby,31
zurgop,31
pcclient,31
hebogo,31
upantix,31
elex,31
volt,30
primarypass,30
yelloader,30
recam,30
malex,30
qqlogger,29
systemhealer,28
fuery,28
tufik,28
usteal,28
msilkrypt,28
zeroaccess,28
zenpak,27
invader,27
lyposit,27
xetapp,27
lockscreen,27
genericrxdw,26
satan,26
airinstaller,26
websearch,26
downloadassistant,26
delfinject,26
vemply,26
dropware,26
blouiroet,26
rescoms,26
refinka,26
1clickdownload,26
downeks,25
babylon,25
neksminer,25
fontra,25
godzilla,25
equationdrug,25
xorer,25
phny,25
fraudload,25
trymedia,25
gimemo,25
renos,24
ibryte,24
staser,24
crysis,24
perinet,24
pidgeon,23
nettool,23
pliskal,23
systweak,23
reimage,23
ytddownloader,23
crypmod,23
pedex,23
matrix,22
aenjaris,22
krucky,22
pbot,22
tspy,22
downloadshield,22
miniduke,22
elzob,22
guagua,22
inbox,22
backboot,22
blamon,22
kuluoz,22
neobar,21
runbooster,21
tonmye,21
smokeloader,21
garrun,21
golroted,21
sixxpack,21
autoruns,21
pajetbin,21
asktoolbar,21
schoolboy,21
krbanker,21
shylock,21
toggle,20
dexel,20
wdjiange,20
pasta,20
qzonit,20
winlock,20
faketool,20
blihan,20
gt32supportgeeks,20
veil,19
zylom,19
deceptpcclean,19
pterodo,19
resod,19
lynx,19
njrat,19
alien,19
zonidel,19
crusis,19
truew,19
tinynuke,19
dorifel,19
rapid,18
netstream,18
iobit,18
runner,18
fraudrop,18
demp,18
ardurk,18
imali,18
pswtool,18
kolovorot,18
installtoolbar,18
capsfin,18
aspm,18
azden,17
gametool,17
searchpage,17
fraudpack,17
hookey,17
genasom,17
fugrafa,17
jackservn,17
diskwriter,17
perion,17
dreambot,17
ntrootkit,17
immirat,17
winwebsec,17
bodegun,17
multidropper,17
pccleaner,17
dico,16
jigsaw,16
vools,16
cwqw,16
sixer,16
cmy3u,16
redirect,16
krserv,16
webwatcher,16
bundlore,16
freekeylogger,16
birele,16
jottix,16
powzip,15
betload,15
umbald,15
zlob,15
nssm,15
blackv,15
lovgate,15
yantai,15
generickdz,15
zvuzona,15
scriptkd,15
wsgame,15
vehidis,15
cryptinject,15
xorist,15
jaiks,15
gotango,15
vkontaktedj,15
papras,15
adject,15
woozlist,14
attack,14
prorat,14
hydrapos,14
cloudguard,14
optimizer,14
troldesh,14
chopper,14
installermonetizer,14
enigma,14
winloadsda,14
chthonic,14
geral,14
dnscleaner,14
microfake,14
qqware,14
babar,14
openinstall,14
blackhole,14
onesystemcare,14
screenconnect,14
vmpbad,14
xpaj,14
genericrxdz,14
macri,13
zboter,13
sinowal,13
widgi,13
webcompanion,13
driverupdate,13
dimnie,13
gorgon,13
opendownloadmanager,13
kraddare,13
reset,13
appscience,13
pirminay,13
zerber,13
reptile,13
retefe,13
kirts,13
installbrain,13
talent,13
aauto,13
gootkit,13
turkojan,13
bruteforce,13
gendal,12
addlyrics,12
vimditator,12
ubar,12
3proxy,12
redosdru,12
webdown,12
centrumloader,12
ryuk,12
systex,12
csrb,12
eyooun,12
exescript,12
koobface,12
fasong,12
quant,12
banpak,12
crypren,12
casinoonline,12
mapsgory,12
ggpass,12
stimilik,11
updater,11
pornoblocker,11
ranos,11
refroso,11
multidl,11
trash,11
sogou,11
vrbrothers,11
autit,11
genericrxea,11
smartapps,11
paph,11
bluteal,11
exploder,11
cloxer,11
genericrxeg,11
bytefence,11
perflogger,11
koutodoor,11
menti,11
gamevance,11
vitro,11
dnschanger,11
conficker,11
bandoo,11
ubibila,11
sohanad,11
polypatch,11
sefnit,11
midia,11
gendwnurl,11
locky,11
zzinfor,11
zebrocy,11
jord,11
casbaneiro,10
lollipop,10
jaike,10
trick,10
adgazelle,10
cryptos,10
jintor,10
vopak,10
drmsoft,10
korplug,10
silentall,10
cryptolocker,10
dial,10
driverupdater,10
pony,10
crawler,10
disabler,10
sisbot,10
bandit,10
moleboxvs,10
hilevel,10
mirc,10
codiby,10
dlboost,10
spybot,10
redyms,10
nagoot,10
mine,10
malwarecrypter,10
idlekms,10
tovus,10
ksdler,9
snobar,9
induc,9
ranapama,9
cobalt,9
joke,9
enfal,9
cossta,9
mwpm,9
remotemanipulator,9
yoddos,9
nspm,9
predator,9
shandaadd,9
lunam,9
miancha,9
schoolgirl,9
slingup,9
imestartup,9
antavmu,9
microjoin,9
delbar,9
mediaget,9
wirzemro,9
buzy,9
cobaltstrike,9
mybeesearch,9
teslacrypt,9
opanki,9
loader,9
evrial,9
regcure,9
aspxor,9
dervec,9
pckeeper,9
mypcbackup,9
speedchecker,9
primecasino,9
hiru,9
lebag,9
netpass,9
winvnc,8
cnopa,8
ytdownloader,8
minerbot,8
pandex,8
mokssteal,8
informer,8
neos,8
fullscreen,8
brresmon,8
pespin,8
cycbot,8
citeary,8
surveyer,8
vosteran,8
adspy,8
enistery,8
montp,8
cryakl,8
winreg,8
wenper,8
pcacceleratepro,8
collector,8
lydra,8
dalexis,8
gamehuck,8
bagle,8
hiddentear,8
prochack,8
klez,8
blueh,8
bitman,8
heye,8
ubot,8
ramdo,8
plugx,8
beyondkeylogger,8
virtu,8
pcmedic,8
restoro,8
simda,8
puwaders,8
resur,8
orbus,8
kingsoft,8
wyhymyz,8
tainp,7
fakefolder,7
upkm,7
lolojan,7
squarenet,7
morphine,7
mongolock,7
taily,7
loskad,7
resdro,7
mago,7
klone,7
gippers,7
datakeeper,7
pepm,7
smshoax,7
stufffull,7
shopbot,7
axespec,7
adkor,7
corebot,7
noonlight,7
speedbit,7
moonlight,7
pcclean,7
dorv,7
hermes,7
nsanti,7
zmem,7
smal,7
nrww,7
adinstaller,7
comrerop,7
spnr,7
pullupdate,7
cybergate,7
simplified,7
visicom,7
donex,7
vemptik,7
miuref,7
mbrlock,7
magala,7
virledi,7
ultrasurf,7
installpack,7
egroupdial,7
corrempa,7
komodia,7
passwordstealer,7
slimdrivers,7
erbon,7
vbcryptent,7
agobot,7
porntool,7
satwancrypt,7
vibem,7
molock,7
grenam,7
adkdllwrapper,7
genericrxda,7
yahlover,7
chatzum,7
zumanek,7
dllhijacker,7
mediamagnet,7
passview,7
idlebuddy,7
fareitvb,7
dishigy,7
idsohtu,6
bulta,6
swotter,6
installmetrix,6
bicololo,6
smee,6
netcat,6
hostspatcher,6
psloader,6
detroie,6
delfidelfi,6
samca,6
fbtaken,6
hiloti,6
installmonetizer,6
venik,6
xpyn,6
orsam,6
poscardstealer,6
dotnet,6
rastarby,6
genericrxau,6
vanilloader,6
delikle,6
genericgb,6
tilken,6
doyo,6
sagecrypt,6
veriato,6
sciagnij,6
firstinj,6
imminent,6
lotoor,6
crypmodadv,6
peals,6
cjishu,6
jumpta,6
duphead,6
deepscan,6
toga,6
dotto,6
pavica,6
torntv,6
nilage,6
smartinstaller,6
sinresby,6
cekar,6
samas,6
adwind,6
freenew,6
refog,6
ekidoa,6
softobase,6
installiq,6
lazagne,6
hype,6
screenmate,6
nivdort,6
vidro,6
speedcat,6
huhk,6
toptools,6
epack,6
leivion,6
creprote,6
recex,6
zygug,6
systemcare,6
safeterra,6
chepro,6
sasfis,5
haperlock,5
eziriznetreactor,5
directdownloader,5
tar4rkdi,5
offerinstall,5
stocde,5
laban,5
autoitscript,5
remoh,5
pres,5
kido,5
msildrop,5
vapsup,5
uacme,5
softomate,5
wintrim,5
gojdue,5
kaymundler,5
rovnix,5
mensa,5
rontokbr,5
snare,5
pintu,5
fakeie,5
strongpity,5
qadars,5
gamebox,5
amavaldo,5
separ,5
tanske,5
hideproc,5
inegery,5
ruco,5
necne,5
vbinder,5
conjar,5
dadobra,5
ukpa,5
fraudster,5
bobax,5
loki,5
rantest,5
singleclickoptimizer,5
inno,5
bunndle,5
cryrar,5
dnschange,5
schwarzesonne,5
agentwdcr,5
bero,5
genericrxen,5
mods,5
fbsi,5
smbd,5
megasearch,5
baserch,5
drivertalent,5
sahat,5
kasinst,5
gatak,5
downloadsoft,5
coupons,5
purga,5
mdrop,5
tibs,5
dodiw,5
mosucker,5
cyfin,5
jyuqet,5
bifrost,5
elitekeylogger,5
zafi,5
downer,5
olympicdestroyer,5
naprat,5
wigon,5
skillis,5
dominator,5
winspy,5
ranserkd,5
winevar,5
mufanom,5
cardinal,5
genericrxcl,5
forcestartpage,5
enestedel,5
multibar,5
chifrax,5
tinukebot,5
passcrypt,5
perkiler,5
sofacy,5
candyopen,5
smearpasse,5
cslz,5
delfiles,5
paradise,4
sillysharecopy,4
gocloudnet,4
xdata,4
arcdoor,4
perseus,4
denes,4
fwwy,4
gamania,4
fakeoff,4
fakeime,4
marocan,4
startserv,4
listicka,4
rkit,4
pwszbot,4
morto,4
cryfile,4
tarayt,4
itorrent,4
fesber,4
eqtonex,4
zard,4
filefinder,4
boht,4
rabased,4
proxyweb,4
zesibund,4
pcreviver,4
pwsime,4
nukesped,4
floder,4
cnbtech,4
genericrxdr,4
tsingsoft,4
adduser,4
ircnite,4
irplan,4
oneclick,4
dycler,4
kriskynote,4
slowpcfighter,4
kuping,4
polip,4
blakamba,4
emogen,4
armadillo,4
000c,4
hvnc,4
xylauncher,4
scribble,4
spora,4
titirez,4
mkar,4
werly,4
bzub,4
patpoopy,4
xiazai,4
nieguide,4
tbma,4
cpuminer,4
clickmein,4
mahato,4
njlogger,4
perfectoptimizer,4
xrat,4
shaosmine,4
hckpk,4
sigma,4
cryptconsole,4
pcfixer,4
kelios,4
inservice,4
canbis,4
polycrypt,4
hlux,4
gamup,4
jenxcus,4
ponmocup,4
dumpy,4
weiduan,4
gh0st,4
testfile,4
dubfot,4
kapucen,4
regger,4
upadter,4
qqten,4
globeimposter,4
hvom,4
tsklnk,4
stagol,4
pyfiledel,4
lsslogger,4
mazben,4
eggnog,4
prosti,4
jigsawlocker,4
yakbeex,4
widdit,4
emelent,4
reveton,4
morphex,4
sysupdate,4
rukometa,3
macoute,3
vucha,3
higuniel,3
enosch,3
premium,3
sasquor,3
koobcafe,3
vonteera,3
moneyinst,3
luder,3
mobogenie,3
conduit,3
takbum,3
sigrun,3
liev,3
woool,3
torjok,3
spyrecon,3
krunchy,3
fadok,3
samsam,3
expressdownloader,3
crcf,3
gamsoft,3
vbklog,3
purgen,3
uztub,3
mlwr,3
shepher,3
exdek,3
octopus,3
beaugrit,3
genericrxbg,3
hostmodifier,3
taterf,3
konus,3
proinstall,3
mutant,3
tenavt,3
nystprac,3
genericrxgl,3
speesipro,3
mycop,3
uptodown,3
maxdriver,3
boaxxe,3
wpepro,3
diss,3
deshacop,3
browseban,3
comei,3
tibia,3
suloc,3
ruandmel,3
ghoul,3
mewsspy,3
vkont,3
mdeclass,3
gate,3
tftpd,3
basine,3
aotoit,3
lenwadu,3
fourthrem,3
democry,3
xorala,3
dunco,3
ilomo,3
bedep,3
hotkeyshook,3
horst,3
sage,3
ezoons,3
rifdoor,3
trjgen,3
banz,3
smartassembly,3
kaseya,3
sbdbat2exe,3
spyagent,3
webprefix,3
petun,3
admoke,3
tencent,3
spynomore,3
netshrink,3
blacked,3
crowti,3
accelerator,3
gasti,3
webdiscover,3
uwamson,3
fakerean,3
smalo,3
batlauncher,3
zxshell,3
opesup,3
pinkblocker,3
unpacked,3
clickshell,3
powerless,3
linkular,3
socstealer,3
qqfarmer,3
myransom,3
bebloh,3
pshell,3
maesorn,3
therat,3
gobot,3
randrew,3
rpcdcom,3
rising,3
cgmu,3
redlonam,3
genericrxev,3
autofixerpro,3
palibu,3
somoto,3
eroyee,3
multiminer,3
uztuby,3
vanbot,3
deleter,3
dyamar,3
coolmirage,3
thanatos,3
krepper,3
crastic,3
genericrxaq,3
pstinb,3
autohit,3
xyligan,3
ctqc,3
monder,3
pcmega,3
sperolz,3
incredimail,3
catalina,3
msidrop,3
exeaqtor,3
installmate,3
myxah,3
activitymonitor,3
hostschanger,3
qaccel,3
driverassist,3
passma,3
gottle,3
blubot,3
adwapper,3
vbcryptor,3
timesink,3
onescan,3
lipler,3
glox,3
navipromo,3
lapka,3
betabot,3
tovicrypt,3
tyhos,3
keywordfind,3
onesyscare,3
joiner,3
genericrxaa,3
belonard,3
rootkitdrv,3
hlubea,3
genericrxgm,3
genericrxce,3
goabeny,3
fakesmoke,3
pennybee,3
installflash,3
finfish,3
koal,3
ursumdt,3
procpatcher,3
injectorlib,3
darkvnc,3
tarctox,3
securityxploded,3
sdld,3
shenzhen,3
povertel,3
bandios,3
ransomkd,3
kwampirs,3
hancitor,3
jobaka,3
allinonekeylogger,3
lodbak,3
veilev,3
temr,3
offergenerator,3
searchgo,3
scano,3
ryzerlo,2
krolol,2
utoti,2
goppel,2
genericrxep,2
detplock,2
bundleloader,2
psyokym,2
msposer,2
tzabf,2
genasep,2
toauta,2
msilinj,2
vkhost,2
chextad,2
genericrxca,2
virtum,2
monitortool,2
fakesupport,2
pramro,2
ceckno,2
toptoo,2
refogkeylogging,2
habbo,2
isnev,2
bruhorn,2
fakeinstaller,2
minggy,2
verti,2
dacic,2
banspy,2
narcha,2
ruby,2
writos,2
manbat,2
cloverplus,2
wiliky,2
redirected,2
ranpax,2
cordis,2
russoturisto,2
qhosts,2
spectre,2
bagsu,2
simpleregistrycleaner,2
swpatch,2
lightsee,2
vprotect,2
baidu,2
oficla,2
quchispy,2
liuliangbao,2
genericrxew,2
lightlogger,2
darkmoon,2
cdvq,2
capredeam,2
coantor,2
epicscale,2
popwin,2
jetmedia,2
updatestar,2
pophot,2
delpem,2
browserpassview,2
genericrxeo,2
ohmytabs,2
bluewushu,2
codecpa,2
napolar,2
dlassistant,2
virtumonde,2
u8taskservice,2
aque,2
snoload,2
globalupdate,2
slenfbot,2
desurou,2
yahoopass,2
fasem,2
ircbrute,2
teamspy,2
d0f3570c,2
chekafev,2
dazi,2
snake,2
sorcurat,2
progressive,2
leymo,2
openshopper,2
xpun,2
virtumod,2
pfoenic,2
ezula,2
boopcel,2
remas,2
zjaisino,2
advload,2
stop,2
genx,2
jacksbot,2
crisisht,2
hbov,2
typic,2
extinstaller,2
webdevaz,2
ammyy,2
mousedisable,2
xdisccorp,2
dyloader,2
jyfi,2
selltim,2
codewall,2
baidusearch,2
vkdj,2
moljec,2
advancedpccare,2
superthreat,2
genericrxeq,2
webhat,2
sqlcrack,2
genericrxft,2
arhost,2
zombieboy,2
hostwack,2
dotbundle,2
hallaj,2
cryptexe,2
harnig,2
ipswitch,2
vedpoz,2
kates,2
cobra,2
xanfpezes,2
ructo,2
bybz,2
xiaoba,2
exfriendalert,2
lineage,2
bisonal,2
ljoiner,2
ufraie,2
genericrxfv,2
behav,2
refpron,2
plead,2
piker,2
hpcubestlr,2
npack,2
clearlog,2
metel,2
launcher,2
pincher,2
yobdam,2
radmin,2
autorunerent,2
trafog,2
yabinder,2
wemosis,2
slipafext,2
mediafinder,2
p2pworm,2
nscauth,2
matsnu,2
instmonster,2
genericrxdm,2
ludicrouz,2
zugo,2
lojulox,2
etap,2
chupik,2
genericrxer,2
pcoptimizerpro,2
hiddentears,2
rustock,2
crypt0l0cker,2
rukoma,2
necurs,2
confucius,2
webdialer,2
backswap,2
startpa,2
keyboy,2
genericrxgb,2
jbomi,2
ssebot,2
patchupplus,2
qqrob,2
carambisdu,2
xxyheo,2
itva,2
hackav,2
fearso,2
genericrxfq,2
redeye,2
zapinit,2
mimilove,2
macrodrop,2
chromepass,2
lulusoftware,2
defaulttab,2
offend,2
ntkrnl,2
pcmechanic,2
crime,2
deliric,2
vjworm,2
facemoi,2
marketscore,2
silcon,2
itranslator,2
genericrxgf,2
alreay,2
kate,2
torr,2
installm,2
gamaredon,2
rifbu,2
pacex,2
murlo,2
agentus,2
hrup,2
downloaderb,2
tnega,2
elevate,2
gena,2
pieshua,2
winexe,2
rapkill,2
shrejh,2
purityscan,2
rubar,2
cryptpack,2
chistudi,2
pcopticlean,2
kbot,2
manuscrypt,2
vake,2
qqshou,2
tulong,2
winload,2
speed,2
davobevix,2
generictka,2
flawedammyy,2
spammy,2
trabin,2
hydracrypt,2
keybase,2
gamethief,2
genericrxdc,2
renaz,2
ircfast,2
filerepmetagen,2
bccrypt,2
gojdu,2
fotopapps,2
sphinx,2
comisproc,2
siplog,2
cakl,2
udpos,2
desktop,2
lockcrypt,2
minerbat,2
winnti,2
oneinstaller,2
instally,2
xunleihd,2
zeleffo,2
nirsoft,2
xmrigminer,2
mantana,2
outbreak,2
medfos,2
snipr,2
oligo,2
gampass,2
brambul,2
homles,2
plimrost,2
nosok,2
wootbot,2
sillyfdc,2
cryptoload,2
hotdownloads,2
sysdrop,2
droma,2
gameserver,2
alinaos,2
fdoh,2
winexec,2
windapp,2
seodec,2
patch,2
tarifarch,2
mresmon,2
daum,2
vbcheman,2
havex,2
eszjuxuan,2
joosoft,2
browserpwdstealer,2
huntpos,2
sunnydigits,2
uloader,2
olala,2
xkit,2
famvt,2
xiaoxiong,2
malushka,2
soul,2
alphaeon,2
grandcrab,2
ekisoli,2
trojanbanker,2
sheldor,2
genericrxbx,2
rofin,2
nebuler,2
fakesysdef,2
wpakill,2
vigram,2
tvido,2
extcrome,2
saturn,2
togapy,2
hiddeninstall,2
bustem,2
darkneuron,2
minebicoin,2
fleercivet,2
malwares,2
5hex,2
xiquitir,2
chanitor,2
perkesh,2
revizer,2
bank,2
pjtbinder,2
stalk,2
shopro,2
hpgen,2
isof,2
filepatch,2
pccleanup,2
genericrxgj,2
shufab,2
tirrip,2
carbanak,2
tinypos,2
genericrxaz,2
slefdel,2
begseabug,2
autocleanpro,2
viruscure,2
adodb,2
rewriteboota,2
torrenteasy,2
kovloer,2
oneclickdownloader,2
vtub,1
sz4aaw,1
streespyer,1
animus,1
vitruvian,1
vmjfbex4hpjj,1
bitwallet,1
springtech,1
bplug,1
ruanmei,1
feebs,1
mediana,1
haed,1
genericrxad,1
riodrv,1
genericrxby,1
firehooker,1
nottotrack,1
devilz,1
rakhni,1
podnuha,1
redaman,1
krakencryptor,1
sillyp2p,1
karagany,1
anserin,1
atomix,1
w10tweak,1
predatorthief,1
micronames,1
meikehuayi,1
optix,1
genericrxas,1
ransomheur,1
killwin,1
asym,1
davy,1
keydownload,1
folstart,1
sneepy,1
termite,1
pasur,1
porex,1
naffy,1
cnnic,1
genericrxgh,1
blokrypt,1
duduunion,1
juicypotato,1
tobor,1
msilpack,1
remexi,1
lixeaqbyzsj,1
rozenaa,1
umgfxgkazyg,1
whenu,1
fakeplayer,1
woripecs,1
dzan,1
sfdld,1
cookiesstealer,1
pyinstaller,1
youtubedownloaderguru,1
clipspy,1
loyeetro,1
rostpay,1
heriplor,1
smheist,1
zvrek,1
xxyfhz,1
kraken,1
jakuz,1
sonbokli,1
mydisksu,1
ymkfawdgfnmi,1
ridnu,1
iczu,1
siho,1
troxa,1
globalacces,1
scrami,1
dowanun,1
searchsetter,1
unigo,1
beastdoor,1
yiwanzhushou,1
liusky,1
diskscanfa,1
kavos,1
couponmarvel,1
esprot,1
maplestory,1
2345explorer,1
ridapi,1
perez,1
kmsactivator,1
genericrxfy,1
playgames,1
fenomengame,1
hangup,1
losabel,1
sbdld,1
pcrepair,1
doubleagent,1
shadowhammer,1
mutabaha,1
akcom,1
plasma,1
mumawow,1
rasoon,1
bancobras,1
babel,1
genericrxgr,1
fbng,1
jscriptwrap,1
gaofenq,1
iwin,1
vortex,1
comproc,1
popad,1
za0au42rofm,1
a8p9eklc,1
protector,1
tartober,1
mostofate,1
oasisminus,1
netshadow,1
purgory,1
winiga,1
retribution,1
ranion,1
bomka,1
kmuaaovs,1
kranet,1
kelvir,1
ggdoor,1
zxor,1
proxyagent,1
nemucod,1
rmkefdlslaoi,1
genericrxch,1
babonock,1
tick,1
infinitetear,1
psyme,1
estrella,1
cryptojoker,1
blacoleref,1
cachedis,1
pycrypter,1
zenfly,1
pjzab0jsupjb,1
dalt,1
cdnhelper,1
bamital,1
bkff,1
prex,1
27d3e5bc,1
mirai,1
genericrxcg,1
rvrat,1
bhoint,1
teamviewer,1
genericrxgq,1
spyrix,1
optispeed,1
istartsurfinstaller,1
realspy,1
driverdevelop,1
flymux,1
bamsupr,1
olext,1
hpursnif,1
revengerat,1
noupack,1
juntador,1
diamin,1
upackdam,1
bindjpg,1
reymbz,1
powerun,1
bhosta,1
adpower,1
hamweq,1
npgi,1
cridex,1
nhopro,1
zacinlo,1
amtgimon,1
tibsystems,1
staem,1
serveradmin,1
dlzp,1
younglotus,1
pontoeb,1
windang,1
vidarstealer,1
carrobat,1
killapp,1
nistio,1
zanoza,1
scomma,1
foler,1
emgfamt7gjgi,1
tukrina,1
meinv,1
emarketing,1
genericrxge,1
qmuabwpoobbg,1
newheur,1
wswhacker,1
swog,1
spyboter,1
genericrxax,1
netdevil,1
lockyc,1
secucharge,1
chinbo,1
zonebac,1
tedroo,1
plinch,1
oceanlotus,1
mupx,1
specx,1
fraud,1
rz0auircb0di,1
bredo,1
atom,1
lowzones,1
linkhortry,1
walerlop,1
istbar,1
suixin,1
genkmsp,1
yolov,1
tomegun,1
krachulka,1
pastraw,1
darkhotel,1
sign0fmisery,1
psexec,1
pabin,1
oflwr,1
webdial,1
gruel,1
bankfraud,1
imqaaem1agai,1
totbrick,1
cqst,1
plugs,1
pikachu,1
gupd,1
pef13c,1
aseye,1
spypro,1
insebro,1
loops,1
client,1
spamha,1
korad,1
mmnfbgfpueki,1
hqsi,1
tivmonk,1
uiwao0sam,1
kjwar5ju8ibgb,1
zilix,1
blackenergy,1
pwdump,1
fakeff,1
remoxec,1
wi0abyrjybki,1
snow,1
phpain,1
potukorp,1
moonpie,1
coinloader,1
broskod,1
mailbot,1
zenosearch,1
removewga,1
ayolog,1
cmhfbw9r,1
whiteclick,1
bolik,1
rapidpass,1
keyer,1
genericrxel,1
uploader,1
cidox,1
tcdrop,1
vidar,1
kheagol,1
tiklog,1
sanctionedmedia,1
medialabs,1
genericrxbu,1
malwar,1
hookmoot,1
trilon,1
badjoke,1
exksws,1
imps,1
offerbox,1
peed,1
xcomp,1
antidenial,1
wavipeg,1
computty,1
darsing,1
xnhmeb,1
anprot,1
cussteel,1
uiwaowr6xsaje,1
corpse,1
sharer,1
qqspy,1
bumat,1
xizfawwyz0ab,1
mytonel,1
innomod,1
kabymj,1
mz0a4gxuisb,1
harvester,1
wlock,1
sdrop,1
encryptpe,1
vxidl,1
flvdirect,1
lucky,1
rietspoof,1
zepto,1
montague,1
asianraw,1
elite,1
darkcyrene,1
genericrxbz,1
autophyte,1
dlsecure,1
mmorpg,1
cromptui,1
favadd,1
bridex,1
subroate,1
aksula,1
graz,1
genericrxgk,1
procgmar,1
trialkiller,1
iespy,1
pdxbbkgat9ci,1
redgirl,1
gemius,1
keenm,1
safebreas,1
reyptson,1
vixup,1
edeals,1
duon,1
multijoiner,1
zudochka,1
nussamoc,1
bmgfrznl2gfaa,1
wmqarhe5p8fbt,1
evillocker,1
systweaker,1
oxynoxy,1
snifula,1
killall,1
tinclex,1
destructbot,1
tyuimoi,1
shopperpro,1
hg8absxocmcj,1
pondfull,1
yywaa08jovdg,1
puontib,1
btcon,1
udslee,1
cashfiesta,1
cryptominer,1
smominru,1
taojinstar,1
otorunq,1
funmood,1
jobcrypter,1
musclecar,1
amdocssims,1
keydoor,1
genericrxet,1
zoldon,1
fosniw,1
exent,1
umqabaxnjogc,1
niwaa8lfbrj,1
systemhijack,1
komilet,1
fmgfagns0sge,1
donise,1
konni,1
bnqp,1
pckdflystudio,1
garvi,1
remotehack,1
maxsecure,1
hawkeyekeylogger,1
cinmus,1
shellme,1
e13044af,1
nmkfacwya3cg,1
fantom,1
karamanak,1
grandcrap,1
drooptroop,1
bnuaaewgb2fb,1
flinject,1
installbar,1
spoofer,1
vakcune,1
cliptoshuffler,1
meno,1
feedarch,1
yuri,1
glukelira,1
downexec,1
wrar,1
fcb569f,1
opriupdater,1
fakedos,1
pclnt,1
startp,1
syncopate,1
omgfamcremci,1
nitter,1
searchbar,1
kryptpck,1
tosthin,1
inor,1
food,1
recory,1
dluca,1
dsbot,1
stegvob,1
soulclose,1
conju,1
snifie,1
platan,1
muma,1
boxter,1
easyspeedcheck,1
bettersurf,1
xmrminer,1
prast,1
loveletter,1
ragua,1
tear,1
antisandbox,1
taptrap,1
tracur,1
bubbledock,1
silly,1
doser,1
staget,1
rasch,1
browsecx,1
libsam,1
bredolab,1
imaut,1
phires,1
caxnet,1
ou0bsubcbkhb,1
6b47672c,1
sadredi,1
kiser,1
malmaker,1
viddyhd,1
gameol,1
dunik,1
bitrepeyp,1
genericrxcs,1
cfms,1
gentromal,1
2345cn,1
defsel,1
superspy,1
vbcode,1
apropos,1
mediamine,1
ezsoftwareupdater,1
amber,1
oremu,1
malkryp,1
nilaspo,1
genericrxfj,1
rarmal,1
padmer,1
slingshot,1
goldun,1
tgrandongc,1
jusabli,1
spook,1
bredavi,1
0y1a48lx2yib,1
jnkfasgyvyo,1
nadrac,1
simple,1
urausy,1
anyprotect,1
ransim,1
pitin,1
silentinstall,1
roboinstall,1
teambot,1
pchealthboost,1
blackstealer,1
nyxem,1
gibe,1
onkfa0sahzhg,1
look2me,1
xiaobaminer,1
1fb728f,1
bertle,1
eventmonitor,1
effbee,1
wellmess,1
indigorose,1
honk,1
multiinjector,1
kradword,1
dalbot,1
cbot,1
mutuodo,1
ocna,1
kgbspy,1
zorex,1
stampado,1
xihet,1
redneck,1
genericrxck,1
nircmd,1
hkmain,1
rmkef9zs0zhi,1
smallhttp,1
winner,1
nabasa,1
winemm,1
naco,1
crifi,1
ravs,1
sathurbot,1
zombam,1
xmgfa0ysjgki,1
betkrypt,1
flvdownloader,1
valcaryx,1
bits,1
lyrics,1
filoskeed,1
meinhudong,1
doqv,1
ngvck,1
terkcop,1
rastabaf,1
genericrxcp,1
krament,1
adkubru,1
wraut,1
genericrxcw,1
qmlfrt0j91kid,1
luna,1
foxhiex,1
dungcoi,1
zero,1
taobao,1
xscan,1
pcbooster,1
rpdpatch,1
tikoog,1
bnksa,1
mailpassview,1
ghost,1
fakeransom,1
fgarb,1
psshell,1
webbrowserpassview,1
uruasy,1
genericrxef,1
giri,1
bedefco,1
amnesia,1
vbdrop,1
jinda,1
pyme,1
winshow,1
suviapen,1
genericrxcr,1
poxters,1
fakeal,1
cvky,1
eicardemo,1
oyom,1
genericrxcf,1
cleanpcpro,1
awangba,1
kz4aamkfbloj,1
dorgam,1
xmgfbs8lpqoib,1
hooker,1
shutdown,1
activator,1
golem,1
cardtool,1
cryptowall,1
saencrypt,1
donn,1
genericrxcu,1
spytech,1
strat,1
searchprovide,1
shellcodef,1
tanspy,1
atmulator,1
revealerkeylogger,1
pccleaningutility,1
benban,1
frosparf,1
adbreak,1
wansrog,1
msilbot,1
shutdowner,1
adcrypterlib,1
senta,1
smartfortress,1
gendelfan,1
frethoq,1
powstage,1
trioris,1
emotetn,1
ranna,1
azero,1
globim,1
trainer,1
driverturbo,1
keylogr,1
seznam,1
clearsearch,1
hyperbro,1
inexsmar,1
agiala,1
virgilio,1
fire,1
gracewire,1
pepex,1
frethog,1
adwaresig,1
pidmecc,1
btcware,1
regub,1
avkiller,1
smsspy,1
systimizer,1
arload,1
storm,1
fnwabyxmbkm,1
kgen,1
suite,1
lockpos,1
genericrxam,1
weenloc,1
otezinu,1
genericrxfe,1
bsdownloader,1
comine,1
sipia,1
hacdef,1
orcusrot,1
sentinel,1
genericrxbm,1
xyntservice,1
tinydl,1
wfpdisabler,1
sadenav,1
lightmoon,1
rogan,1
emmfaeuirscb,1
smartpctweaker,1
ledruppi,1
farsistall,1
rz0a4oaeuqdi,1
brobaneup,1
nicehashminer,1
wombat,1
blind,1
hexzone,1
leopard,1
dnguard,1
csom,1
genericrxeb,1
patchload,1
freyja,1
rmkefbclnjpi,1
candybox,1
minimal,1
ploprolo,1
pyspy,1
luminorat,1
estapa,1
mycleanpc,1
tipp,1
ruho,1
temcac,1
bwod,1
netthief,1
hkautoit,1
cryptomix,1
pornblackmailer,1
lyckriks,1
simplyinstaller,1
findkeyxp,1
cleanlog,1
mofin,1
libie,1
fraudkrypt,1
luhn,1
smuatemisagi,1
ssprotect,1
wisesystemmechanic,1
cryptredol,1
adylkuzz,1
cnsmin,1
wmfap,1
multibanker,1
securityshield,1
wuji,1
artel,1
syscon,1
zxrloader,1
taworm,1
vz2au4dpceii,1
regcurepro,1
bandok,1
offtoup,1
cafecup,1
trpctrooper,1
clhf,1
kura,1
xorpix,1
injeber,1
snorm,1
amgfvjgvdoaan,1
stercogs,1
tougle,1
wintaskad,1
dllhijack,1
genericrxcy,1
hezhi,1
addmepoint,1
browshot,1
qqmima,1
figyek,1
fakecoder,1
ei0frdaui,1
payer,1
akely,1
mmsfrmqm16ci,1
genericrxde,1
liimpact,1
rupttass,1
baryumka,1
hamaetot,1
kryptyk,1
genericrxbw,1
httpbot,1
mosu,1
zbiw,1
helper,1
primawega,1
graybird,1
fayu,1
rockrat,1
rubat,1
oztar,1
banks,1
genericrxaf,1
defmid,1
genericrxci,1
nbcont,1
kazus,1
magni,1
crispit,1
remote,1
obfusransom,1
krdr,1
fz4aaueo2jhi,1
genericrxdf,1
pandview,1
alot,1
magic,1
bonkyhp,1
multim,1
admedia,1
wuca,1
dupate,1
cleaman,1
cosratu,1
pizchao,1
pantera,1
bagif,1
pushel,1
mezzo,1
onlineg,1
vstoolbar,1
genmaldow,1
hidcon,1
eskimo,1
excrevie,1
jatif,1
security,1
genericrxdx,1
zonobindi,1
yy0aueeqipni,1
genericrxal,1
zacom,1
ident,1
winshell,1
verecno,1
spamer,1
passwordfox,1
genericrxeh,1
rialega,1
ciadoor,1
hioles,1
be3auestydmi,1
shezkrypt,1
eb149b,1
hpfareit,1
nlbrute,1
whiteice,1
flusihoc,1
xxycdl,1
whimoo,1
donloz,1
xxybsq,1
xxybyu,1
xxybtw,1
cntads,1
exchanger,1
genericrxfp,1
hmgfa45id4o,1
mmxmr,1
bsvsebni,1
vixenpanda,1
mytob,1
powerspritz,1
nmkfxmdtnmoi,1
avira,1
petal,1
werpoapt,1
malxmr,1
qqfarmassist,1
fastpc,1
bototer,1
vbmod,1
klozet,1
adagent,1
buhtrap,1
murka,1
snocry,1
wadhrama,1
gaofenquming,1
genericrxfh,1
sbyinying,1
passcv,1
vbkeylog,1
alvabrig,1
killdisk,1
sennaonemaker,1
omyaamfbexii,1
ezsearch,1
deepsea,1
adanti,1
gamium,1
geni,1
machaer,1
mrdec,1
killnotes,1
quervar,1
magnat,1
ciyaamgnrsg,1
brosafe,1
phtg,1
google,1
ursnifdropper,1
alyak,1
jakyllhyde,1
keyboarddisable,1
mozla,1
gameapp,1
alnaddy,1
plicker,1
bankoren,1
shinolock,1
kryptstarter,1
zeusvm,1
paper,1
shark,1
genericrxex,1
emudbot,1
orcusrat,1
spywork,1
miragefox,1
bmmedia,1
genericrxed,1
sakto,1
burden,1
gosys,1
exebinder,1
xxyeut,1
deau,1
hostseditor,1
shopperz,1
orangedefender,1
milicry,1
bindex,1
bmkfxasqf6ki,1
urcs,1
wisbipuf,1
xxybvi,1
coced,1
donut,1
getnow,1
lurk,1
loring,1
atomicrat,1
doublefantasy,1
esfury,1
jo0br8hglsii,1
zdowbot,1
bhxu,1
peflog,1
bacalid,1
sloddat,1
spynet,1
zy0baazvyqni,1
baiduwrapper,1
selcry,1
scoopy,1
himera,1
bmsdus4ufhei,1
emathi,1
liudoor,1
ditertag,1
xxychs,1
xundlldl,1
dalatar,1
xxycec,1
tongji,1
pswdump,1
xxybuj,1
genericrxbp,1
proteus,1
redator,1
xxybwe,1
vesenlosow,1
penzievs,1
esaprof,1
tierry,1
negasteal,1
scarcruft,1
xxycff,1
xxybzx,1
genericrxfs,1
nion,1
oepass,1
spector,1
lemoore,1
genericrxdi,1
vkbase,1
e2f3f4d,1
lozer,1
ramnif,1
screen,1
lmkfrhivlcfba,1
goobzo,1
apocalypse,1
antivirus,1
chinad,1
travnet,1
xxycbl,1
genericrxfu,1
tron,1
votchsys,1
xxybss,1
talalpek,1
spectorpro,1
jhee,1
cmgfaeflb9e,1
fspm,1
amgfaohk2uf,1
sennoma,1
pccleaners,1
5z0ba4mkpih,1
soldier,1
litmus,1
adpernok,1
qdownb,1
dragonbot,1
agile,1
rzwaagpbkfii,1
mailspy,1
phonerooter,1
cryptowire,1
mapstosteal,1
chepdu,1
molebox,1
dicsor,1
covus,1
scramupx,1
gplyra,1
satana,1
hakopsbot,1
zjek,1
tmgfayxalbaj,1
batton,1
eitu,1
potao,1
binderon,1
gtbot,1
deceptor,1
datpol,1
gdsda,1
atmrod,1
webisida,1
boychi,1
bansomqare,1
kastenl,1
ceram,1
mi0ax8mhb4ji,1
hamer,1
cshv,1
driverbooster,1
mailcheck,1
idlecrawler,1
jevafus,1
delfile,1
streamer,1
pipo,1
shell,1
specialsearchoffer,1
haknata,1
redsip,1
cognosads,1
district,1
sokuxuan,1
allstars,1
iezones,1
lanxue,1
genericrxcv,1
zaxar,1
cryptear,1
softcdn,1
nagram,1
0y0auaszpblb,1
talmad,1
magistrcorr,1
peepviewer,1
flowspirit,1
sfuzuan,1
smartapplicationcontroller,1
messengerpass,1
phnu,1
esendi,1
monitoringtool,1
bypass,1
advpassman,1
zwangi,1
copperturtle,1
lpt8mkfbyfsjgnkb,1
pccleanplus,1
sankei,1
pulobe,1
genericrxcd,1
possiblemalware,1
busky,1
wgapatch,1
delphinjector,1
putabmow,1
sminager,1
karius,1
bitcovar,1
thoper,1
rimic,1
mamianune,1
logicielsespions,1
code,1
sagonaire,1
cypress,1
krilog,1
datper,1
broduplo,1
drowor,1
headache,1
drefir,1
zloyfly,1
flystudi,1
pgpsnippet,1
hexloader,1
mirkov,1
strictorcrtd,1
bitter,1
vopackage,1
genericrxfo,1
pwkiller,1
hokobot,1
flowershop,1
axbn,1
cebot,1
quireap,1
sixmuch,1
wirelessnetview,1
hc4cakjs5bhi,1
fakehack,1
netinject,1
proxygate,1
zs0bbeypkrh,1
burnwoo,1
quasarrat,1
winspeedup,1
exxroute,1
cxkh,1
cxkj,1
chimera,1
pcvark,1
satancrypt,1
expstart,1
obrypser,1
reposfxg,1
commandcam,1
familykeylogger,1
singleclickreg,1
taskkill,1
transmit,1
gpukj,1
caae34dd,1
puamson,1
inrogatio,1
crypton,1
webaltatoolbar,1
teramind,1
hptrickbot,1
happy,1
kykymber,1
blueeagle,1
seeav,1
killmbr,1
arkeistealer,1
forbot,1
moleboxultra,1
shaskooth,1
cryptxxx,1
goodpic,1
gamsofts,1
genericrxat,1
sisron,1
